use twyg_development

insert into access_profile_users (access_profile_id, user_id, organization_id, created_at, updated_at)
values
	('12', '5', '4', now(), now()),
	('28', '6', '4', now(), now()),
	('35', '15', '4', now(), now())

select * from flipper_gates

INSERT INTO flipper_gates (feature_key, `key`, value, created_at, updated_at)
VALUES
	('super_admin_logs', 'boolean', 'true', NOW(), NOW()),
    ('new_partners', 'boolean', 'true', NOW(), NOW()),
    ('ecosystem_tnd', 'boolean', 'true', NOW(), NOW()),
    ('new_integrations', 'boolean', 'true', NOW(), NOW()),
    ('nova_tela_de_equipe', 'boolean', 'true', NOW(), NOW()),
    ('nova_tela_de_equipes', 'boolean', 'true', NOW(), NOW()),
    ('access_twygo_academy', 'boolean', 'true', NOW(), NOW()),
    ('mobile_admin_access', 'boolean', 'true', NOW(), NOW()),
    ('pagseguro', 'boolean', 'true', NOW(), NOW()),
    ('nova_tela_de_questionarios', 'boolean', 'true', NOW(), NOW()),
    ('nova_tela_de_questionario', 'boolean', 'true', NOW(), NOW()),
    ('user_logs', 'boolean', 'true', NOW(), NOW()),
    ('login_logout_logs', 'boolean', 'true', NOW(), NOW()),
    ('community_logs', 'boolean', 'true', NOW(), NOW()),
    ('new_api_v2', 'boolean', 'true', NOW(), NOW()),
    ('access_ted_circle', 'boolean', 'true', NOW(), NOW()),
    ('new_enrollment_package_registrations', 'boolean', 'true', NOW(), NOW()),
    ('orgs_with_games', 'boolean', 'true', NOW(), NOW()),
    ('allow_copy_trial_organization', 'boolean', 'true', NOW(), NOW()),
    ('beta_tester', 'boolean', 'true', NOW(), NOW()),
    ('professional_score_new_page', 'boolean', 'true', NOW(), NOW()),
    ('chat_hubspot', 'boolean', 'true', NOW(), NOW()),
    ('hubspot_events', 'boolean', 'true', NOW(), NOW()),
    ('jivo_chat_hubspot', 'boolean', 'true', NOW(), NOW()),
    ('disable_recaptcha', 'boolean', 'true', NOW(), NOW()),
    ('assistive', 'boolean', 'true', NOW(), NOW()),
    ('nova_geracao_certificado', 'boolean', 'true', NOW(), NOW()),
    ('novo_ecossistema_ambiente', 'boolean', 'true', NOW(), NOW()),
    ('nova_tela_de_usuarios', 'boolean', 'true', NOW(), NOW()),
    ('nova_tela_usuarios', 'boolean', 'true', NOW(), NOW()),
    ('new_facelift_pages_beta_test', 'boolean', 'true', NOW(), NOW()),
    ('nova_tela_modo_de_uso', 'boolean', 'true', NOW(), NOW()),
    ('new_learn_beta_test', 'boolean', 'true', NOW(), NOW()),
    ('new_learning_path_on_play', 'boolean', 'true', NOW(), NOW()),
    ('new_learning_path_v2', 'boolean', 'true', NOW(), NOW()),
    ('new_learning_path_v3', 'boolean', 'true', NOW(), NOW()),
    ('nova_tela_de_aprendizagem', 'boolean', 'true', NOW(), NOW()),
    ('nova_tela_de_conteudos', 'boolean', 'true', NOW(), NOW()),
    ('new_learning_path', 'boolean', 'true', NOW(), NOW()),
    ('novo_ecossistema_ambientes', 'boolean', 'true', NOW(), NOW()),
    ('nova_mensagem_de_aprovacao', 'boolean', 'true', NOW(), NOW()),
	('novo_ecossistema_ambientes_2', 'boolean', 'true', NOW(), NOW())

select * from flipper_features

INSERT INTO flipper_features (`key`, created_at, updated_at)
VALUES
	('super_admin_logs', NOW(), NOW()),
    ('new_partners', NOW(), NOW()),
    ('ecosystem_tnd', NOW(), NOW()),
    ('new_integrations', NOW(), NOW()),
    ('nova_tela_de_equipe', NOW(), NOW()),
    ('nova_tela_de_equipes', NOW(), NOW()),
    ('access_twygo_academy', NOW(), NOW()),
    ('mobile_admin_access', NOW(), NOW()),
    ('pagseguro', NOW(), NOW()),
    ('nova_tela_de_questionarios', NOW(), NOW()),
    ('nova_tela_de_questionario', NOW(), NOW()),
    ('user_logs', NOW(), NOW()),
    ('login_logout_logs', NOW(), NOW()),
    ('community_logs', NOW(), NOW()),
    ('new_api_v2', NOW(), NOW()),
    ('access_ted_circle', NOW(), NOW()),
    ('new_enrollment_package_registrations', NOW(), NOW()),
    ('orgs_with_games', NOW(), NOW()),
    ('allow_copy_trial_organization', NOW(), NOW()),
    ('beta_tester', NOW(), NOW()),
    ('professional_score_new_page', NOW(), NOW()),
    ('chat_hubspot', NOW(), NOW()),
    ('hubspot_events', NOW(), NOW()),
    ('jivo_chat_hubspot', NOW(), NOW()),
    ('disable_recaptcha', NOW(), NOW()),
    ('assistive', NOW(), NOW()),
    ('nova_geracao_certificado', NOW(), NOW()),
    ('novo_ecossistema_ambiente', NOW(), NOW()),
    ('nova_tela_de_usuarios', NOW(), NOW()),
    ('nova_tela_usuarios', NOW(), NOW()),
    ('new_facelift_pages_beta_test', NOW(), NOW()),
    ('nova_tela_modo_de_uso', NOW(), NOW()),
    ('new_learn_beta_test', NOW(), NOW()),
    ('new_learning_path_on_play', NOW(), NOW()),
    ('new_learning_path_v2', NOW(), NOW()),
    ('new_learning_path_v3', NOW(), NOW()),
    ('nova_tela_de_aprendizagem', NOW(), NOW()),
    ('nova_tela_de_conteudos', NOW(), NOW()),
    ('new_learning_path', NOW(), NOW()),
    ('novo_ecossistema_ambientes', NOW(), NOW()),
    ('nova_mensagem_de_aprovacao', NOW(), NOW()),
	('novo_ecossistema_ambientes_2', NOW(), NOW())